{"RMSE": 3412.2110134046516, "MAPE": 2.0534930750727654, "R2": 0.9790189266204834}