{"RMSE": 3714.859485902529, "MAPE": 2.1895011886954308, "R2": 0.9751319885253906}