{"RMSE": 3422.45642777231, "MAPE": 2.0513489842414856, "R2": 0.9788927435874939}