{"RMSE": 3933.5735661100834, "MAPE": 2.3222167044878006, "R2": 0.97211754322052}