{"train_losses": [0.17907951894225974, 0.11743136870736444, 0.10286305829986463, 0.095653260748457, 0.09064765630698786, 0.08855325479177233, 0.08623282216515275, 0.08489166740133372, 0.08422152720884994], "test_mses": [0.07641124725341797, 0.050424233078956604, 0.03807574138045311, 0.032122015953063965, 0.026808083057403564, 0.02273257076740265, 0.02027367614209652, 0.018922727555036545, 0.017820490524172783], "test_maes": [0.1691250056028366, 0.1388522833585739, 0.12234506011009216, 0.11616843193769455, 0.10695459693670273, 0.09815964102745056, 0.09287288039922714, 0.0910905972123146, 0.0890081524848938]}